{
  "num_runs": 30,
  "pop_size": 50,
  "max_iter": 500,
  "archive_size": 100,
  "baseline": {
    "f1": 8.085364799913593,
    "f2": 13.0
  },
  "combined_pareto_size": 54,
  "hv_stats": {
    "mean": 10.991851718303842,
    "std": 0.2342422714310248,
    "min": 10.582297213318276,
    "max": 11.43204802089251
  },
  "best_f1": [
    8.04589836366582,
    12.0
  ],
  "best_f2": [
    8.300588648269159,
    2.8814665996986437
  ]
}