{
  "num_runs": 30,
  "pop_size": 50,
  "max_iter": 500,
  "archive_size": 100,
  "baseline": {
    "f1": 8.085364799913593,
    "f2": 13.0
  },
  "combined_pareto_size": 66,
  "hv_stats": {
    "mean": 24.372052130169504,
    "std": 0.1858928490212581,
    "min": 23.94950013136521,
    "max": 24.707244543034637
  },
  "best_f1": [
    8.04589836366582,
    12.0
  ],
  "best_f2": [
    8.308635308095264,
    2.911541701769166
  ]
}