{
  "num_runs": 30,
  "pop_size": 50,
  "max_iter": 500,
  "archive_size": 100,
  "baseline": {
    "f1": 7.213761579913789,
    "f2": 12.637687366167023
  },
  "combined_pareto_size": 88,
  "hv_stats": {
    "mean": 35.92352894129288,
    "std": 0.9816880213486561,
    "min": 34.27569295389421,
    "max": 37.09787462993244
  },
  "best_f1": [
    7.185700232001456,
    10.743559718969555
  ],
  "best_f2": [
    7.505717096456852,
    2.343979861239025
  ]
}