{
  "num_runs": 30,
  "pop_size": 50,
  "max_iter": 500,
  "archive_size": 100,
  "baseline": {
    "f1": 7.213761579913789,
    "f2": 12.637687366167023,
    "f3": 17540.0
  },
  "combined_pareto_size": 371,
  "hv_stats": {
    "mean": 1751430.4426070936,
    "std": 42075.47402459249,
    "min": 1672659.7249656813,
    "max": 1816331.212371641
  },
  "best_f1": [
    7.185700232001456,
    10.743559718969555,
    16280.0
  ],
  "best_f2": [
    7.513703521952591,
    2.0644487000570337,
    17105.0
  ],
  "best_f3": [
    7.257528527885101,
    9.390007806401249,
    0.0
  ]
}